{
  "timestamp": 1744805253.6624587,
  "detections": [],
  "image_path": "/ros2_ws/data_collection/20250416_114303/images/20250416_120733_662.jpg",
  "depth_path": "/ros2_ws/data_collection/20250416_114303/depth/20250416_120733_662.png",
  "robot_pose": {
    "translation": {
      "x": 8.23074266040522,
      "y": 1.188081800760264,
      "z": 0.01
    },
    "orientation": {
      "x": 0.0,
      "y": 0.0,
      "z": 0.8699402338838846,
      "w": 0.4931571650803141
    }
  }
}