{
  "timestamp": 1744804284.564742,
  "detections": [],
  "image_path": "/ros2_ws/data_collection/20250416_114303/images/20250416_115124_564.jpg",
  "depth_path": "/ros2_ws/data_collection/20250416_114303/depth/20250416_115124_564.png",
  "robot_pose": {
    "translation": {
      "x": 0.3652850757660116,
      "y": 1.7746131778197158,
      "z": 0.01
    },
    "orientation": {
      "x": 0.0,
      "y": 0.0,
      "z": -0.36038622170018025,
      "w": 0.9328031792445116
    }
  }
}