{
  "timestamp": 1744804085.1603584,
  "detections": [],
  "image_path": "/ros2_ws/data_collection/20250416_114303/images/20250416_114805_160.jpg",
  "depth_path": "/ros2_ws/data_collection/20250416_114303/depth/20250416_114805_160.png",
  "robot_pose": {
    "translation": {
      "x": -0.745352326973026,
      "y": 2.4546176763907193,
      "z": 0.009999999999999998
    },
    "orientation": {
      "x": 0.0,
      "y": 0.0,
      "z": 0.9542478195136042,
      "w": 0.29901688740526333
    }
  }
}