{
  "timestamp": 1744804985.0122461,
  "detections": [],
  "image_path": "/ros2_ws/data_collection/20250416_114303/images/20250416_120305_012.jpg",
  "depth_path": "/ros2_ws/data_collection/20250416_114303/depth/20250416_120305_012.png",
  "robot_pose": {
    "translation": {
      "x": 3.327961367774025,
      "y": -0.5126895389159656,
      "z": 0.01
    },
    "orientation": {
      "x": 0.0,
      "y": 0.0,
      "z": 0.3078625317697757,
      "w": 0.9514308495798861
    }
  }
}