{
  "timestamp": 1744804892.8967664,
  "detections": [],
  "image_path": "/ros2_ws/data_collection/20250416_114303/images/20250416_120132_896.jpg",
  "depth_path": "/ros2_ws/data_collection/20250416_114303/depth/20250416_120132_896.png",
  "robot_pose": {
    "translation": {
      "x": 3.366861279388905,
      "y": -0.30214550382584426,
      "z": 0.010000000000000002
    },
    "orientation": {
      "x": 0.0,
      "y": 0.0,
      "z": 0.053347507008527216,
      "w": 0.9985760078711962
    }
  }
}