{
  "timestamp": 1744804263.5551035,
  "detections": [],
  "image_path": "/ros2_ws/data_collection/20250416_114303/images/20250416_115103_555.jpg",
  "depth_path": "/ros2_ws/data_collection/20250416_114303/depth/20250416_115103_555.png",
  "robot_pose": {
    "translation": {
      "x": -0.2399116848757332,
      "y": 2.6123885537586404,
      "z": 0.010000000000000002
    },
    "orientation": {
      "x": 0.0,
      "y": 0.0,
      "z": -0.41120987253854374,
      "w": 0.9115406961440804
    }
  }
}