{
  "timestamp": 1744805303.430432,
  "detections": [],
  "image_path": "/ros2_ws/data_collection/20250416_114303/images/20250416_120823_430.jpg",
  "depth_path": "/ros2_ws/data_collection/20250416_114303/depth/20250416_120823_430.png",
  "robot_pose": {
    "translation": {
      "x": 8.530598027990848,
      "y": 0.2520900971534862,
      "z": 0.01
    },
    "orientation": {
      "x": 0.0,
      "y": 0.0,
      "z": -0.6798182613626569,
      "w": 0.7333806184498295
    }
  }
}