{
  "timestamp": 1744805340.395155,
  "detections": [],
  "image_path": "/ros2_ws/data_collection/20250416_114303/images/20250416_120900_395.jpg",
  "depth_path": "/ros2_ws/data_collection/20250416_114303/depth/20250416_120900_395.png",
  "robot_pose": {
    "translation": {
      "x": 8.815843137263489,
      "y": -0.701699908227224,
      "z": 0.01
    },
    "orientation": {
      "x": 0.0,
      "y": 0.0,
      "z": -0.47275497281693407,
      "w": 0.8811939262596287
    }
  }
}