{
  "timestamp": 1744804976.0042768,
  "detections": [],
  "image_path": "/ros2_ws/data_collection/20250416_114303/images/20250416_120256_004.jpg",
  "depth_path": "/ros2_ws/data_collection/20250416_114303/depth/20250416_120256_004.png",
  "robot_pose": {
    "translation": {
      "x": 3.2619351273774697,
      "y": -0.5641032565577146,
      "z": 0.010000000000000002
    },
    "orientation": {
      "x": 0.0,
      "y": 0.0,
      "z": 0.3802293773022776,
      "w": 0.9248922210919077
    }
  }
}