{
  "timestamp": 1744804882.826405,
  "detections": [],
  "image_path": "/ros2_ws/data_collection/20250416_114303/images/20250416_120122_826.jpg",
  "depth_path": "/ros2_ws/data_collection/20250416_114303/depth/20250416_120122_826.png",
  "robot_pose": {
    "translation": {
      "x": 3.3668612793964323,
      "y": -0.3021455038265874,
      "z": 0.01
    },
    "orientation": {
      "x": 0.0,
      "y": 0.0,
      "z": -0.09121875443448293,
      "w": 0.9958308786332253
    }
  }
}