{
  "timestamp": 1744804578.1789842,
  "detections": [],
  "image_path": "/ros2_ws/data_collection/20250416_114303/images/20250416_115618_178.jpg",
  "depth_path": "/ros2_ws/data_collection/20250416_114303/depth/20250416_115618_178.png",
  "robot_pose": {
    "translation": {
      "x": 3.2174806382645023,
      "y": -1.6918194600136012,
      "z": 0.010000000000000002
    },
    "orientation": {
      "x": 0.0,
      "y": 0.0,
      "z": -0.13933787533535982,
      "w": 0.9902448972335216
    }
  }
}