{
  "timestamp": 1744804053.3677897,
  "detections": [],
  "image_path": "/ros2_ws/data_collection/20250416_114303/images/20250416_114733_367.jpg",
  "depth_path": "/ros2_ws/data_collection/20250416_114303/depth/20250416_114733_367.png",
  "robot_pose": {
    "translation": {
      "x": -1.0178551463166756,
      "y": 1.985543186781312,
      "z": 0.009999999999999998
    },
    "orientation": {
      "x": 0.0,
      "y": 0.0,
      "z": 0.4312701810469357,
      "w": 0.9022228277647065
    }
  }
}