{
  "timestamp": 1744804346.4615824,
  "detections": [],
  "image_path": "/ros2_ws/data_collection/20250416_114303/images/20250416_115226_461.jpg",
  "depth_path": "/ros2_ws/data_collection/20250416_114303/depth/20250416_115226_461.png",
  "robot_pose": {
    "translation": {
      "x": 2.648485235410112,
      "y": 0.5335145976303745,
      "z": 0.010000000000000002
    },
    "orientation": {
      "x": 0.0,
      "y": 0.0,
      "z": -0.32741319321069917,
      "w": 0.944881262864056
    }
  }
}