{
  "timestamp": 1744804921.7623506,
  "detections": [],
  "image_path": "/ros2_ws/data_collection/20250416_114303/images/20250416_120201_762.jpg",
  "depth_path": "/ros2_ws/data_collection/20250416_114303/depth/20250416_120201_762.png",
  "robot_pose": {
    "translation": {
      "x": 3.3870579492519366,
      "y": -0.12230300049663376,
      "z": 0.01
    },
    "orientation": {
      "x": 0.0,
      "y": 0.0,
      "z": 0.9933690305303025,
      "w": 0.11496942716777836
    }
  }
}