{
  "timestamp": 1744804670.7445724,
  "detections": [],
  "image_path": "/ros2_ws/data_collection/20250416_114303/images/20250416_115750_744.jpg",
  "depth_path": "/ros2_ws/data_collection/20250416_114303/depth/20250416_115750_744.png",
  "robot_pose": {
    "translation": {
      "x": 3.901965299119667,
      "y": -1.089290782326252,
      "z": 0.01
    },
    "orientation": {
      "x": 0.0,
      "y": 0.0,
      "z": 0.6291403208451907,
      "w": 0.7772917448981499
    }
  }
}