{
  "timestamp": 1744804824.4278212,
  "detections": [],
  "image_path": "/ros2_ws/data_collection/20250416_114303/images/20250416_120024_427.jpg",
  "depth_path": "/ros2_ws/data_collection/20250416_114303/depth/20250416_120024_427.png",
  "robot_pose": {
    "translation": {
      "x": 2.871505461481663,
      "y": -0.3855922910030063,
      "z": 0.010000000000000002
    },
    "orientation": {
      "x": 0.0,
      "y": 0.0,
      "z": -0.44434365413718524,
      "w": 0.8958564154081912
    }
  }
}