{
  "timestamp": 1744804857.5510135,
  "detections": [],
  "image_path": "/ros2_ws/data_collection/20250416_114303/images/20250416_120057_551.jpg",
  "depth_path": "/ros2_ws/data_collection/20250416_114303/depth/20250416_120057_551.png",
  "robot_pose": {
    "translation": {
      "x": 3.334153636531089,
      "y": -0.25810970527948696,
      "z": 0.01
    },
    "orientation": {
      "x": 0.0,
      "y": 0.0,
      "z": -0.3249585773857802,
      "w": 0.9457282500715573
    }
  }
}