{
  "timestamp": 1744804664.6834593,
  "detections": [],
  "image_path": "/ros2_ws/data_collection/20250416_114303/images/20250416_115744_683.jpg",
  "depth_path": "/ros2_ws/data_collection/20250416_114303/depth/20250416_115744_683.png",
  "robot_pose": {
    "translation": {
      "x": 3.7890935205996032,
      "y": -1.2905048871084455,
      "z": 0.01
    },
    "orientation": {
      "x": 0.0,
      "y": 0.0,
      "z": 0.4396435288772501,
      "w": 0.8981723484478681
    }
  }
}