{
  "timestamp": 1744804214.1356096,
  "detections": [],
  "image_path": "/ros2_ws/data_collection/20250416_114303/images/20250416_115014_135.jpg",
  "depth_path": "/ros2_ws/data_collection/20250416_114303/depth/20250416_115014_135.png",
  "robot_pose": {
    "translation": {
      "x": 0.033873360106316454,
      "y": 3.7592910653501934,
      "z": 0.01
    },
    "orientation": {
      "x": 0.0,
      "y": 0.0,
      "z": -0.6846944494560006,
      "w": 0.728830234611699
    }
  }
}