{
  "timestamp": 1744804313.1013854,
  "detections": [],
  "image_path": "/ros2_ws/data_collection/20250416_114303/images/20250416_115153_101.jpg",
  "depth_path": "/ros2_ws/data_collection/20250416_114303/depth/20250416_115153_101.png",
  "robot_pose": {
    "translation": {
      "x": 1.5965217890866166,
      "y": 1.0449086049763605,
      "z": 0.010000000000000002
    },
    "orientation": {
      "x": 0.0,
      "y": 0.0,
      "z": -0.28274350216210165,
      "w": 0.9591955546107945
    }
  }
}