{
  "timestamp": 1744804958.9032135,
  "detections": [],
  "image_path": "/ros2_ws/data_collection/20250416_114303/images/20250416_120238_903.jpg",
  "depth_path": "/ros2_ws/data_collection/20250416_114303/depth/20250416_120238_903.png",
  "robot_pose": {
    "translation": {
      "x": 3.246249531676865,
      "y": -0.6846628357852826,
      "z": 0.01
    },
    "orientation": {
      "x": 0.0,
      "y": 0.0,
      "z": 0.997335713359882,
      "w": 0.07294843971556443
    }
  }
}