{
  "timestamp": 1744805389.0050366,
  "detections": [],
  "image_path": "/ros2_ws/data_collection/20250416_114303/images/20250416_120949_005.jpg",
  "depth_path": "/ros2_ws/data_collection/20250416_114303/depth/20250416_120949_005.png",
  "robot_pose": {
    "translation": {
      "x": 9.327232835885265,
      "y": -1.9384400419141583,
      "z": 0.010000000000000002
    },
    "orientation": {
      "x": 0.0,
      "y": 0.0,
      "z": -0.7819324087542888,
      "w": 0.6233632232813513
    }
  }
}