{
  "timestamp": 1744804740.5181348,
  "detections": [],
  "image_path": "/ros2_ws/data_collection/20250416_114303/images/20250416_115900_518.jpg",
  "depth_path": "/ros2_ws/data_collection/20250416_114303/depth/20250416_115900_518.png",
  "robot_pose": {
    "translation": {
      "x": 3.5740048077123396,
      "y": 0.2509873973512197,
      "z": 0.010000000000000002
    },
    "orientation": {
      "x": 0.0,
      "y": 0.0,
      "z": 0.3042439233984315,
      "w": 0.9525941607395719
    }
  }
}