{
  "timestamp": 1744805277.9006813,
  "detections": [],
  "image_path": "/ros2_ws/data_collection/20250416_114303/images/20250416_120757_900.jpg",
  "depth_path": "/ros2_ws/data_collection/20250416_114303/depth/20250416_120757_900.png",
  "robot_pose": {
    "translation": {
      "x": 8.24998811420469,
      "y": 0.9006866544763855,
      "z": 0.01
    },
    "orientation": {
      "x": 0.0,
      "y": 0.0,
      "z": -0.5875977906257632,
      "w": 0.8091531600702809
    }
  }
}