{
  "timestamp": 1744805191.4701355,
  "detections": [],
  "image_path": "/ros2_ws/data_collection/20250416_114303/images/20250416_120631_470.jpg",
  "depth_path": "/ros2_ws/data_collection/20250416_114303/depth/20250416_120631_470.png",
  "robot_pose": {
    "translation": {
      "x": 8.172968903827416,
      "y": -0.13852305161200126,
      "z": 0.01
    },
    "orientation": {
      "x": 0.0,
      "y": 0.0,
      "z": 0.3796420403291738,
      "w": 0.925133461298802
    }
  }
}