{
  "timestamp": 1744804223.1485822,
  "detections": [],
  "image_path": "/ros2_ws/data_collection/20250416_114303/images/20250416_115023_148.jpg",
  "depth_path": "/ros2_ws/data_collection/20250416_114303/depth/20250416_115023_148.png",
  "robot_pose": {
    "translation": {
      "x": -0.07986906375272274,
      "y": 3.3162754783458754,
      "z": 0.010000000000000002
    },
    "orientation": {
      "x": 0.0,
      "y": 0.0,
      "z": -0.860263606681557,
      "w": 0.5098495140914027
    }
  }
}