{
  "timestamp": 1744804295.5294178,
  "detections": [],
  "image_path": "/ros2_ws/data_collection/20250416_114303/images/20250416_115135_529.jpg",
  "depth_path": "/ros2_ws/data_collection/20250416_114303/depth/20250416_115135_529.png",
  "robot_pose": {
    "translation": {
      "x": 0.8063367740770939,
      "y": 1.4655567650466073,
      "z": 0.01
    },
    "orientation": {
      "x": 0.0,
      "y": 0.0,
      "z": -0.24029677081269454,
      "w": 0.9706994704526172
    }
  }
}