{
  "timestamp": 1744804365.0812984,
  "detections": [],
  "image_path": "/ros2_ws/data_collection/20250416_114303/images/20250416_115245_081.jpg",
  "depth_path": "/ros2_ws/data_collection/20250416_114303/depth/20250416_115245_081.png",
  "robot_pose": {
    "translation": {
      "x": 3.051450953874437,
      "y": 0.00041934684667577866,
      "z": 0.01
    },
    "orientation": {
      "x": 0.0,
      "y": 0.0,
      "z": -0.5240742633281796,
      "w": 0.8516725700156286
    }
  }
}