{
  "timestamp": 1744804993.691575,
  "detections": [],
  "image_path": "/ros2_ws/data_collection/20250416_114303/images/20250416_120313_691.jpg",
  "depth_path": "/ros2_ws/data_collection/20250416_114303/depth/20250416_120313_691.png",
  "robot_pose": {
    "translation": {
      "x": 3.6065911692492056,
      "y": -0.3735483212089237,
      "z": 0.01
    },
    "orientation": {
      "x": 0.0,
      "y": 0.0,
      "z": 0.19150208605956898,
      "w": 0.9814922063036636
    }
  }
}