{
  "timestamp": 1744804748.9791043,
  "detections": [],
  "image_path": "/ros2_ws/data_collection/20250416_114303/images/20250416_115908_979.jpg",
  "depth_path": "/ros2_ws/data_collection/20250416_114303/depth/20250416_115908_979.png",
  "robot_pose": {
    "translation": {
      "x": 3.634226690720444,
      "y": 0.2359015683028574,
      "z": 0.009999999999999998
    },
    "orientation": {
      "x": 0.0,
      "y": 0.0,
      "z": -0.09764655847449966,
      "w": 0.9952211561346985
    }
  }
}