{
  "timestamp": 1744805219.8776014,
  "detections": [],
  "image_path": "/ros2_ws/data_collection/20250416_114303/images/20250416_120659_877.jpg",
  "depth_path": "/ros2_ws/data_collection/20250416_114303/depth/20250416_120659_877.png",
  "robot_pose": {
    "translation": {
      "x": 8.334592944038473,
      "y": 0.7319520629242142,
      "z": 0.010000000000000002
    },
    "orientation": {
      "x": 0.0,
      "y": 0.0,
      "z": 0.7223127827467604,
      "w": 0.6915665144298352
    }
  }
}