{
  "timestamp": 1744804760.729768,
  "detections": [],
  "image_path": "/ros2_ws/data_collection/20250416_114303/images/20250416_115920_729.jpg",
  "depth_path": "/ros2_ws/data_collection/20250416_114303/depth/20250416_115920_729.png",
  "robot_pose": {
    "translation": {
      "x": 3.654770692794255,
      "y": 0.2320625804424029,
      "z": 0.01
    },
    "orientation": {
      "x": 0.0,
      "y": 0.0,
      "z": -0.6160390853758749,
      "w": 0.7877155865471087
    }
  }
}