{
  "timestamp": 1744805083.3061607,
  "detections": [],
  "image_path": "/ros2_ws/data_collection/20250416_114303/images/20250416_120443_306.jpg",
  "depth_path": "/ros2_ws/data_collection/20250416_114303/depth/20250416_120443_306.png",
  "robot_pose": {
    "translation": {
      "x": 6.766018633833005,
      "y": -0.05796994187667932,
      "z": 0.01
    },
    "orientation": {
      "x": 0.0,
      "y": 0.0,
      "z": 0.29258723815173754,
      "w": 0.9562388342201641
    }
  }
}