{
  "timestamp": 1744804570.699935,
  "detections": [],
  "image_path": "/ros2_ws/data_collection/20250416_114303/images/20250416_115610_699.jpg",
  "depth_path": "/ros2_ws/data_collection/20250416_114303/depth/20250416_115610_699.png",
  "robot_pose": {
    "translation": {
      "x": 3.2174806383159744,
      "y": -1.6918194599744842,
      "z": 0.010000000000000002
    },
    "orientation": {
      "x": 0.0,
      "y": 0.0,
      "z": 0.5845353502409945,
      "w": 0.8113682421186067
    }
  }
}