{
  "timestamp": 1744805271.3156085,
  "detections": [],
  "image_path": "/ros2_ws/data_collection/20250416_114303/images/20250416_120751_315.jpg",
  "depth_path": "/ros2_ws/data_collection/20250416_114303/depth/20250416_120751_315.png",
  "robot_pose": {
    "translation": {
      "x": 8.211254156850341,
      "y": 1.1735252347354186,
      "z": 0.009999999999999998
    },
    "orientation": {
      "x": 0.0,
      "y": 0.0,
      "z": -0.7318813330112081,
      "w": 0.6814321054879473
    }
  }
}