{
  "timestamp": 1744804695.1218705,
  "detections": [],
  "image_path": "/ros2_ws/data_collection/20250416_114303/images/20250416_115815_121.jpg",
  "depth_path": "/ros2_ws/data_collection/20250416_114303/depth/20250416_115815_121.png",
  "robot_pose": {
    "translation": {
      "x": 3.840727750218278,
      "y": -1.0578099632165678,
      "z": 0.009999999999999998
    },
    "orientation": {
      "x": 0.0,
      "y": 0.0,
      "z": 0.9586318796756907,
      "w": 0.28464876474253664
    }
  }
}