{
  "timestamp": 1744804767.2240374,
  "detections": [],
  "image_path": "/ros2_ws/data_collection/20250416_114303/images/20250416_115927_224.jpg",
  "depth_path": "/ros2_ws/data_collection/20250416_114303/depth/20250416_115927_224.png",
  "robot_pose": {
    "translation": {
      "x": 3.6547706928100556,
      "y": 0.2320625804945946,
      "z": 0.01
    },
    "orientation": {
      "x": 0.0,
      "y": 0.0,
      "z": 0.9660570440485408,
      "w": -0.2583288362614518
    }
  }
}