{
  "timestamp": 1744804899.6224215,
  "detections": [],
  "image_path": "/ros2_ws/data_collection/20250416_114303/images/20250416_120139_622.jpg",
  "depth_path": "/ros2_ws/data_collection/20250416_114303/depth/20250416_120139_622.png",
  "robot_pose": {
    "translation": {
      "x": 3.366887753595211,
      "y": -0.3020753322393315,
      "z": 0.01
    },
    "orientation": {
      "x": 0.0,
      "y": 0.0,
      "z": 0.5707602930496444,
      "w": 0.8211167321872598
    }
  }
}