{
  "timestamp": 1744805201.1824956,
  "detections": [],
  "image_path": "/ros2_ws/data_collection/20250416_114303/images/20250416_120641_182.jpg",
  "depth_path": "/ros2_ws/data_collection/20250416_114303/depth/20250416_120641_182.png",
  "robot_pose": {
    "translation": {
      "x": 8.253051577721699,
      "y": -0.02897878239533422,
      "z": 0.009999999999999998
    },
    "orientation": {
      "x": 0.0,
      "y": 0.0,
      "z": 0.5261364558363817,
      "w": 0.8504001586546954
    }
  }
}