{
  "timestamp": 1744805371.044616,
  "detections": [],
  "image_path": "/ros2_ws/data_collection/20250416_114303/images/20250416_120931_044.jpg",
  "depth_path": "/ros2_ws/data_collection/20250416_114303/depth/20250416_120931_044.png",
  "robot_pose": {
    "translation": {
      "x": 9.374046865419713,
      "y": -1.3804096132351964,
      "z": 0.01
    },
    "orientation": {
      "x": 0.0,
      "y": 0.0,
      "z": -0.5504060364627543,
      "w": 0.8348971164313368
    }
  }
}