{
  "timestamp": 1744804798.0231278,
  "detections": [],
  "image_path": "/ros2_ws/data_collection/20250416_114303/images/20250416_115958_023.jpg",
  "depth_path": "/ros2_ws/data_collection/20250416_114303/depth/20250416_115958_023.png",
  "robot_pose": {
    "translation": {
      "x": 2.86779378515437,
      "y": 0.06498051676608416,
      "z": 0.009999999999999998
    },
    "orientation": {
      "x": 0.0,
      "y": 0.0,
      "z": 0.9976782717877706,
      "w": -0.06810334795417466
    }
  }
}