{
  "timestamp": 1744804463.6390872,
  "detections": [],
  "image_path": "/ros2_ws/data_collection/20250416_114303/images/20250416_115423_639.jpg",
  "depth_path": "/ros2_ws/data_collection/20250416_114303/depth/20250416_115423_639.png",
  "robot_pose": {
    "translation": {
      "x": 4.228097575832977,
      "y": -0.6631638208867803,
      "z": 0.01
    },
    "orientation": {
      "x": 0.0,
      "y": 0.0,
      "z": -0.4147663424720676,
      "w": 0.9099279538251056
    }
  }
}